node_index,xmeas_id,unit
0,1,FEED
1,2,FEED
2,3,FEED
3,4,FEED
4,5,COMPRESSOR
5,6,REACTOR
6,7,REACTOR
7,8,REACTOR
8,9,REACTOR
9,10,PURGE
10,11,SEPARATOR
11,12,SEPARATOR
12,13,SEPARATOR
13,14,SEPARATOR
14,15,STRIPPER
15,16,STRIPPER
16,17,STRIPPER
17,18,STRIPPER
18,19,STRIPPER
19,20,COMPRESSOR
20,21,RCOOL
21,22,SCOOL
22,23,REACTOR
23,24,REACTOR
24,25,REACTOR
25,26,REACTOR
26,27,REACTOR
27,28,REACTOR
28,29,PURGE
29,30,PURGE
30,31,PURGE
31,32,PURGE
32,33,PURGE
33,34,PURGE
34,36,PURGE
35,37,PRODUCT
36,38,PRODUCT
37,39,PRODUCT
38,40,PRODUCT
39,41,PRODUCT
